question,answer,A,B,C,D
Greta Garbo was successfully treated for this disease.,Breast cancer,Tuberculosis,Breast cancer,Hepatitis,Cirrhosis
"In 1952, A.S. Douglas developed the first graphical game to run on a computer.  It ran on the EDSAC.  What was the name of this game?",OXO,Go,Check It,OXO,Tennis For Two
Nolan Bushnell is considered to be the father of the video arcade industry. In 1972 he founded his own game company and together with Ted Dabney and Al Alcorn released the first arcade video game with major success- Pong. What was the name of his company?,Atari,Nutting Associates,Nintendo,Sega,Atari
In 1972 a company named Waco released the first handheld electronic game. What was its name?,Tic Tac Toe,Cross,Tic Tac Toe,Tetris,Microvision
In 1978 Taito released one of the most influential arcade video games. It was called Space Invaders and marked the beginning of the Golden Age of arcade games. What was the thing that the player controlled in Space Invaders?,A movable laser cannon,An alien,An anti-aircraft gun,A movable laser cannon,A cowboy
"Nintendo is undoubtedly one of the most successful and best known console manufacturers. Nintendo has created several TV consoles and many handheld portables, such as the Game Boy and the Game  Watch. When was the company originally founded?",1889,1953,1985,1983,1889
"With the introduction of cheap and relatively powerful processors such as Intel 386, Intel 486 and Motorola 68000 3D-graphics became fashionable. It was used in FPS games like the legendary Wolfenstein 3D and Doom. Do you know what FPS stands for in this context?",First Person Shooter,Frames Per Second,File Protocol System,Firing Per Second,First Person Shooter
"When in 1996 3dfx released the Voodoo chipset, it made high-resolution and more-detailed 3D games possible. One of the first games to take advantage of this was Quake. Do you know which company released this marvelous game?",id Software,Microsoft,Valve,id Software,Blizzard
"These fictional superheroes were born, when a container of radioactive waste bounced off a truck and struck a young boy, turning him into Daredevil.",Teenage Mutant Ninja Turtles,Teenage Mutant Ninja Turtles,Pre-teen Dirty Jean Kung-fu Kangaroos,Adolescent Radioactive Blackbelt Hamsters,Miami Mice
"This superhero, who first appeared in the comic book Tales of Suspense, used his own invention to keep his heart pumping.",Iron Man,Mr. Fantastic,Ant Man,Iron Man,The Hulk
"This Marvel Comics superhero, whose birth name was Peter Benjamin Parker, first used his new found superpowers as a professional wrestler.",Spiderman,Superman,Spiderman,The Thing,Green Arrow
"This comedic superhero, created by Ben Edlund, met an accountant named Arthur, after taking a long bus ride into The City.",The Tick,The Tick,Thor,The Shadow,Darkman
These comic book superheroes were trained in Professor Xaviers School for Gifted Youngsters.,The X-Men,The Fantastic Four,The X-Men,Power Pack,The Avengers
"Which Marvel Comics character became a ruthless vigilante, after witnessing his familys violent murder?",The Punisher,The Crow,The Punisher,Judge Dredd,The Scourge
"This DC Comics superhero, whose true identity is Bruce Wayne, decided to train himself to the peak of physical perfection after witnessing the murder of his parents.",Batman,V (For Vendetta),Batman,The Hulk,Spawn
Which fictional member ot the Teen Titans started out as Batmans sidekick?,Nightwing,Beast Boy,Cyborg,Raven,Nightwing
Fellow Justice League members Superman and Martian Manhunter have something in common. What is it?,They are both aliens.,They are both reporters by day,They both grew up on a farm.,They both escaped from the phantom zone.,They are both aliens.
Which of the following fictional heroes is a World War II veteran?,Captain America,Batman,Captain America,Captain Commando,Thor
What is the real name of Gambit who first appeared in the comic book The Uncanny X-Men?,Remy LeBeau,Remy LeBeau,Bobby LeBeau,Scott Summers,Alex Summers
Which of these X-Men characters is not a member of the Summers family line?,Mister Sinister,Cyclops,Mister Sinister,Havoc,Cable
"Archangel, a mutant and a member of the X-Men, was which horseman of Apocalypse?",Death,Death,Famine,Pestilence,War
Which antagonist of the X-Men is responsible for the death of Wolverine in the comic books?,Magneto,Juggarnaut,Sabretooth,Magneto,Lady Deathstrike
Which of these X-men characters is not a mutant?,Juggernaut,Charles Xavier,Gambit,Juggernaut,Storm
"In the Age of Apocalypse timeline, Wolverine, a member of the X-Men, is married to which female?",Storm,Storm,Polaris,Jean Grey,Jubilee
Who is the head of the X-Men in the Age of Apocalypse timeline?,Magneto,Magneto,Apocalypse,Charles Xavier,Cyclops
"Omega Red, a foe of the X-Men, serves which country?",Russia,Germany,Russia,The United States,Japan
What is the real name of X-Men member Wolverine?,James Howlett,Victor Creed,James Howlett,Mikhail Rasputin,Logan
"This member of the Hellfire Clubs inner circle, known as the White Queen, once fought against the X-Men.",Emma Frost,Emma Frost,Jean Grey,Calypso,Phoenix
When was the Miss America pageant first held?,"September 7, 1921","July 6, 1920","July 4, 1919","September 5, 1925","September 7, 1921"
"The most common talents performed are singing and dancing, but there have been a variety of other odd talents as well.  Which talent was performed at a Miss America pageant?",Packing a suitcase,Blowing bubbles through a straw,Self-defense,Gymnastic moves,Packing a suitcase
Who was the first Jewish Miss America?,Bess Myerson,Marion Bergeron,Norma Smallwood,Bess Myerson,Marilyn Buferd
"As of the beginning of the new millenium, how many Miss America title holders were from New Jersey, the state that held the competitions?",2,2,6,4,0
Who was the first deaf Miss America?,Heather Whitestone,Rebecca Ann King,Phyllis Ann George,Cheryl Prewitt,Heather Whitestone
"Until 2004 ABC aired the Miss America pageant , it then switched to what station?",CMT,NBC,CBS,CMT,USA
In what year did Snoopy first make his first appearance in a comic strip?,1950,1948,1952,1954,1950
What name was Charles Schulz originally going to give to Charlie Browns dog Snoopy?,Sniffy,Sneaky,Snookums,Sniffy,Sneakers
What position did cartoon character Snoopy play in Charlie Browns Little League baseball team?,Short Stop,Pitcher,Catcher,First base,Short Stop
In what year did comic strip character Snoopy first appear sleeping on top of his doghouse?,1958,1953,1958,1956,1954
In what year did comic strip character Snoopy first walk upright?,1956,1960,1962,1958,1956
Which one of these pairs roller coaster- theme park is wrong?,Avalanche- Holiday World,Megafobia- Oakwood Leisure Park,Superman - Ride of Steel- Six Flags Darien Lake,Avalanche- Holiday World,Dania Beach Hurricane- Boomers
Which one of these pairs roller coaster- year of opening is wrong?,Nitro- 2000,Kraken- 2000,Megafobia- 1996,Nitro- 2000,Ozark Wildcat- 2003
October 2006 saw the release of which Mortal Kombat game?,12th,10th,8th,12th,9th
"In the Mortal Kombat storyline, Liu Kang was brutally murdered by which character?",Shang Tsung,Shang Tsung,Goro,Shao Kahn,Kung Lao
What feature makes Kenshi different from all other Mortal Kombat characters?,He is blind.,He can fly.,He is a mute.,He is blind.,He is deaf.
How does Calvins dad like to spend his vacation in the comic strip Calvin and Hobbes,Going Camping,Going Camping,Going Sightseeing,Going to the Beach,Going Hiking
What does comic strip character Calvin like to do during recess?,None of these,Play Baseball,None of these,Play Hide-and-Seek,Play Tag
Which of these is NOT the name of one of the Calvin and Hobbes books?,The Conclusive Calvin and Hobbes,The Authoritative Calvin and Hobbes,The Indispensable Calvin and Hobbes,The Conclusive Calvin and Hobbes,The Essential Calvin and Hobbes
Which of the following words is not part of the title of Calvins favorite book in the Calvin and Hobbes comic strip?,Louis,Hamster,Kablooie,Huey,Louis
SeaWorld has an official airline and one of its Boeing 737 jetliners is painted to look like a flying Killer Whale. Name this airline.,Southwest,U.S Air,Delta,Southwest,Jetblue
In what year did SeaWorld Orlando open?,1973,1965,1973,1968,1970
Which of these creatures is not featured in the exhibit of the world famous SeaWorld attraction Wild Arctic?,Penguin,Beluga Whale,Polar Bear,Walrus,Penguin
What SeaWorld attraction allows you to walk through a tube in which sharks swim all around you?,Shark Encounter,Sharktastic!,Mission: Shark,Shark Adventure,Shark Encounter
What is the name of the SeaWorld Orlando amusement ride that is a combination of a water ride and a roller coaster?,Journey to Atlantis,The Lost City of Atlantis,Atlantis the Lost Continent,Journey to Atlantis,Atlantis: The Lost World
What are the names of the four theme parks that make up Disney World?,"Magic Kingdom, Epcot, Animal Kingdom, Disney Hollywood Studios","Magic Kingdom, Epcot, Animal Kingdom, Disney Hollywood Studios","Universal Studies, Animal Safari,  Epcot","Cedar Point, Holiday World, Magic Kingdom, Wilderness Park","Walt Disney World, Sea World, Busch Gardens, Circus World"
How many acres did Walt Disney purchase for Disney World to be built on?,"27,400","25,000","12,500","11,950","27,400"
What is the main icon of the Magic Kingdom park?,Cinderellas Castle,Cinderellas Castle,Cinderellas Stagecoach,Spaceship Earth,The Tree of Life
"What is the title, given to employees at Disney World?",Cast Members,Disney Friends,Directors,Mickey Mouse Helpers,Cast Members
Which of the following statements is a true fact about Disney World?,All of the above.,"There is a tree farm on the Disney property, so that when a tree in one of the parks dies, it can be replaced by another mature tree.",All of the above.,The streets of Disney are steam cleaned every night after the parks close.,Gold leaf paint is used to paint the carousel horses.
How many resorts are there on the Disney World property?,32,35,32,17,24
World Showcase is a part of Epcot that highlights different countries and cultures.  Which of the following countries is not in the Showcase?,Spain,Morocco,Mexico,France,Spain
The Twilight Tower of Terror is a free fall thrill ride located in Hollywood Studios.  It is based on a television show from the 1950s.  What was the name of that show?,The Twilight Zone,Tales From the Crypt,The Alfred Hitchcock Show,Goosebumps,The Twilight Zone
What is the main icon of the Animal Kingdom park?,The Tree of Life,The Tree of Life,Habitat Habit,Silverback Gorillas,Dinosaur Ride
Which of the four parks is the largest single Disney theme park in the world?,Animal Kingdom,Epcot,Magic Kingdom,Animal Kingdom,Hollywood Studios
Dilbert from the self-titled comic strip is an engineer who graduated from MIT. What type of engineering degree does Dilbert have?,Electrical,Electrical,Chemical,Civil,Mechanical
Which of the following is not one of the characters that live in Dilberts house in the comic strip Dilbert?,Catbert,Ratbert,Dogbert,Catbert,Bob the Dinosaur
Which of the following is not a word/term created by Scott Adams for the comic strip Dilbert?,synergy,synergy,splendsmartful,Induhvidual,frooglepoopillion
Who is the brother of the pointed-haired boss in the comic strip Dilbert?,"Phil, Prince of Insufficient Light","Ted, the Generic guy","Phil, Prince of Insufficient Light","Yuri, the Elbonian",Techno Bill
"What is the name of Dilberts coworker in the comic strip Dilbert, who believes he has psychic powers?",Asok,Asok,Wally,Carol,Alice
What is the name of Dilberts sometimes girlfriend in the comic strip Dilbert?,Liz,Tina,Alice,Carol,Liz
Which wrestler is famous for using a move called the Pedigree?,Triple H,John Cena,Triple H,Edge,Randy Orton
"The FU is the signature move of this wrestler, who also performs a pre-ending move called U Cant See Me.",John Cena,The Undertaker,Jeff Hardy,John Cena,Edge
Which finishing move is most notably performed by Shawn Michaels?,Sweet Chin Music,Sweet Chin Music,Swing Chin Music,Warming up the Band,Sweet Cheyenne Music
What is the signature finishing move performed by EDGE of SmackDown?,the Spear,the Spoke,the Poke,the Spear,the Spike
Which WWE champion has two signature moves called the Swanton Bomb and the Twist of Fate?,Jeff Hardy,Chris Jericho,Matt Hardy,Jeff Hardy,CM Punk
What is the ending move used by former champion Randy Orton called?,RKO,Panther,the Legend Killer,RKO,TKO
What is The Undertakers signature finishing move?,Tombstone Pile Driver,Graveyard Smash,Death Wish,Tombstone Pile Driver,Casket Drop
Which former WWE champion uses a move called Codebreakerr?,Chris Jericho,Chris Jericho,Randy Orton,CM Punk,Santino Morales
"In the music video game Guitar Hero 3, what is the encore song you play in the first set of songs?",Rock All Night,Rock All Night,Cult of Your Personality,Rage Against the Machine,The Devil Went Down to Georgia
How many songs excluding the encores are there in Guitar Hero 3?,32,32,16,27,30
"Slash, a character in the Guitar Hero 3 music video game, is also a real life musician that became popular with which of these bands?",Guns N Roses,AFI,Dragonforce,Korn,Guns N Roses
Choose the missing words in the following lyrics to get the name of a song from Guitar Hero 3:,Mississippi queen,Mississippi queen,Gorgeous lady,Dance queen,Pretty woman
Who is the last boss in the music video game Guitar Hero 3?,Lou,Lou,Slash,Billy,Bob
In what year was the debut of the comic strip Hagar the Horrible?,1973,1968,1965,1973,1970
Shortly after its creation the Hagar the Horrible comic strips distributed to how many newspapers worldwide?,"1,900","1,900","2,400","3,000",800
In how many countries were the Hagar the Horrible comic strips strip distributed?,58,32,58,120,84
How many languages were the Hagar the Horrible comics printed in worldwide?,13,9,13,24,20
What kind of radiation was Dr. Banner exposed to that causes him to turn into the Hulk?,Gamma,Beta,Gamma,Delta,Alpha
In what year did The Incredible Hulk debut?,1962,1965,1960,1971,1962
What year saw the debut of The Incredible Hulk TV series?,1978,1982,1975,1978,1980
"In the 1989 TV movie The Trial of he Incredible Hulk, the Hulk co-stars with what fellow superhero?",Daredevil,Spider-man,Thor,Captain America,Daredevil
Who were the creators of comics superhero Aquaman?,Paul Norris and Mort Weisinger,Steven Crane and Walt Ambroli,Paul Norris and Mort Weisinger,John Hopkins and Mort Weisinger,Paul Norris and Steven Crane
What famous comic book company published Aquaman Comics?,DC Comics,More Fun Comics,Marvel Comics,DC Comics,Action Comics
What was the name of Aquamans girlfriend and eventual wife?,Mera,Mera,Sea Queen,Aquatica,Madeline
Which of these was not one of Aquamans amazing powers?,Having complete control over water,Communicating with all forms of sea life.,Breathing under water,Having complete control over water,Super High Speed Swimming
How long could Aquaman survive out of water?,One Hour,Forever,One Hour,Half an Hour,2 Hours
"In the comic strip FoxTrot, what is the name of the only girl in the Fox family?",Paige,Sarah,Piage,Page,Paige
What is the name of Peters girlfriend in the comics FoxTrot?,Denise,Ashley,Sarah,Abbey,Denise
Which of the following best describes Andy and Rogerâs youngest child in the comics FoxTrot?,A nerd,A jock,A nerd,A sports addict,A TV addict
What Batman villain formerly worked as a zoologist?,ManBat,Poison Ivy,The Penguin,ManBat,Killer Croc
"What super villain once broke Batmans back, leaving him crippled and wheelchair-bound?",Bane,Clayface,Bane,Killer Croc,Ras Al Ghul
What year was the character of Robin first introduced?,1940,1940,1950,1941,1951
Who is credited with creating Batman?,Bob Kane,Joe Shuster,Bob Kane,Jack Kirby,Jerry Siegel
"In Detective Comics #267, a magical Kobold from another dimension decides to help Batman fight crime--what was his name?",Bat-Mite,Bat-Mite,Bat-Dwarf,Mr Mxyztplk,Martian Manhunter
What was Bat-hounds name?,Ace,Lucky,Champ,Ace,Burt
What were the names of Bruce Waynes parents?,Thomas  Martha,Thomas  Martha,James  Elizabeth,Wayne  Alice,George  Elaine
The original Batgirl was related to what familiar Batman character?,Batwoman,Alfred,Batwoman,The Joker,Commissioner Gordon
Which of these Bat-villains was introduced first?,Catwoman,The Riddler,Mr. Freeze,The Penguin,Catwoman
What was Alfred the butlers original family name?,Beagle,Chatsworth,Chapman,Beagle,Windham
How many health points does the Mountian Giant unit have?,1600,1400,1500,1600,1200
What hero does the phrase Moonlight shines upon the guilty and the innocent alike belong to?,Naisha,Maiev Shadowsong,Jeana Proudmoore,Tyrande Whisperwind,Naisha
Who is the leader of the Burning Legion?,Archimond,Archimond,Death Prince Arthas,Tichondrius,Varimathras
What is the name of the well from which Night Elfs originally obtained their magical powers?,Well of Eternity,MoonWell,Well of Magic,Well of Eternity,Well of Power
What hero or unit does the this phrase belong to?,Muradin Bronzebeard,Muradin Bronzebeard,Knight,Mountian Giant,Dwarf Rifleman
Who is Tyrande Whisperwind in love with?,Malfurion Stormrage,Malfurion Stormrage,Cenarius Stormage,Prince Arthas,Illidan Stormrage
"In Warcraft III:The Frozen Throne, Illidan Stormrage works for?",Kiljaeden,Tichondrius,Kiljaeden,Sargeras,Archimond
What is the name of the creator of Bloom County?,Berkely Brethed,Berkely Brethed,Simon Pimon,Chris Claremont,Charle Schultz
What was the name of the penguin in Bloom County?,Opus,Sandoval,Opus,Big Bertha,Salmoneus
What was the name of the hard rock band formed by lawyer Steve Dallas in the Bloom County comic strip?,Deathtongue,The Raiders,Deathtongue,Opus and the Orangeheads,Billy and the Boingers
Who did Opus marry in the comic strip Bloom County?,Lola Granola,Nola Spinuzzi,Lola Granola,Rona Amonia,Ima Petunia
What was the name of the feminist school teacher in Bloom County?,Bobbie Harlowe,Bobbie Simmons,Bobbie Harlowe,Bobbie Jo,Bobbie Smith
"In the comic strip Bloom County, Bill the cat became a televangelist. What was his name?",Fundamentally Oral Bill,Oral Bill,Fundamentally mental Bill,Bill Roberts,Fundamentally Oral Bill
What year did Andy Capp make his comic strip debut?,1957,1969,1957,1963,1972
Which of these is NOT one of Andy Capps hobbies?,Hunting,Pigeon Racing,Gambling,Hunting,Drinking
Who are Andy Capps best friends and neighbors?,The Whites,The Smiths,The Ritsons,The Blacks,The Whites
What country are the Andy Capp comic strips set in?,Britain,Britain,Ireland,America,Canada
In what year did the Andy Capp comic strips reach the U.S.?,1963,1959,1963,1960,1971
Which one of these comics was the first comic Jim Davis created?,Gnorm Gnat,The Life of Jon Arbuckle,Gnorm Gnat,Farm Life,Garfield
When did the comic strip Garfield come out?,1978,1978,2000,1952,1995
Who is Garfields on and off girlfriend?,Arlene,Nermal,Arlene,Liz,Irma
Who is the fictional dog that gets pushed around by Garfield?,Odie,Odie,Jon,Fido,Irma
Who is the Garfields owner on the popular comic strip?,Jon Arbuckle,Dr. Liz Wilson,Jon Arbuckle,Clive,Jim Davis
"What is the profession of Irma, one of the supporting characters on the comic strip Garfield?",waitress,cook,waitress,vet,She is unemployed.
What is the name of Garfields veterinarian on the self-titled comic strip?,Liz Wilson,Liz Arbuckle,Liz Wilson,Liz Davis,Julie Payne
"This ancient circus, situated between the Palatine and Aventine hills, was both the first and the largest circus in Rome.",Circus Maximus,Circus of Maxentius,Circus Maximus,Circus Neronis,Circus Flaminius
"Who was the creator of the French circus, who is also thought to be one of the creators of modern circus?",Antonio Franconi,Paul Fratellini,Antonio Franconi,Pierrot Bidon,Arthur Vercoe Pedlar
In which state did the first circus building in the USA open in 1793?,Pennsylvania,Pennsylvania,California,Illinois,Oklahoma
"What was typical for the Cirque nouveau or the New Circus that developed in the 1970s in France, Australia, the USA.and the UK?",No animals were used.,all of these,It consisted mainly of dangerous stunts.,No animals were used.,It used multimedia and laser shows.
What is the presenter of a traditional circus show called?,ringmaster,coiffeur,contortionist,chapeaugrapher,ringmaster
O and Ovo are among the shows performed by this circus group founded in 1984.,Cirque du Soleil,Cirque du Soleil,Circus Smirkus,Circus Amok,Archaos
Name the Frenchman who invented the flying trapeze in 1859.,Jules Leotard,Monty Python,Guy LalibertÃ©,Daniel Gauthier,Jules Leotard
"Which traveling circus of the early 20th century, based in Peru, Indiana, was the inspiration for Cathy Days novel The Circus in Winter?",The Hagenbeck-Wallace Circus,Shrine Circus,Cirque dhiver,The Bertram Mills Circus,The Hagenbeck-Wallace Circus
Which of these is the name of an old British circus dynasty that toured Europe and the Far East with their shows?,Chipperfield,Forepaugh,Ashton,Chipperfield,Barnum
What circus was founded in 1995 by a duo named Fireplay?,The Bindlestiff Family Cirkus,Silvers Circus,Albert  Friends Instant Circus,The Bindlestiff Family Cirkus,Chipperfields Circus
"Who sidelined WWE wrestler John Cena for 4 months, because of a torn pectoral muscle?",Randy Orton,Randy Orton,HHH,Umaga,Mr. Kennedy
"This Diva was one of the best WWE Divas ever, but unfortunately, she retired in 2007.",Lita,Stacy Keibler,Trish Stratus,Ashley,Lita
Who did WWE wrestler Matt Hardy lose his love interest Lita to?,Edge,John Cena,John Morrison,Edge,Batista
When did WWE wrestler Ric Flairs career end?,March 31 2008,March 17 2008,"February 27, 2008",March 24 2008,March 31 2008
On what radio station do the Junkies broadcast?,WJFK,WAVA,NPR,WTOP,WJFK
Which of the following is NOT one of the four Junkies?,Bruce The Hugger,John Auville,Eric Bickel,JP Flaim,Bruce The Hugger
"According to the Junkies, what is the practice of inebriated love making immediately followed by redistribution of wealth and treating your friends to breakfast called?",sturching,the devil inside,escapade,barracuda,sturching
Which Junkies ersatz nickname is The Latin Donkey?,JP,JP,EB,Lurch,Cakes
What is the first tubular steel track roller coaster?,"Matterhorn Bobsleds, Disneyland",Revolution Six Flags Magic Mountain,Storm Runner Hershey Park,"Matterhorn Bobsleds, Disneyland",Corkscrew Knotts Berry Farm
What is the first amusement park with four roller coasters that are taller than 200 feet (61 m)?,"Cedar Point Sandusky, Ohio, USA","Kings Dominion Doswell, Virginia, USA","Canadas Wonderland Vaughan, Ontario, Canada","Cedar Point Sandusky, Ohio, USA","Six Flags Magic Mountain Valencia, California, USA"
What was the first looping roller coaster?,"Centrifugal Railway, Frascati Garden, Paris","Corkscrew, Knotts Berry Farm, Buena Park, California.","Centrifugal Railway, Frascati Garden, Paris","Carolina Cyclone, Carowinds, North Carolina","Revolution, Six Flags Magic Mountain, Valencia, California"
What was the first roller coaster to reach a height of 100 ft?,"Cyclone, Revere Beach, Revere, Massachusetts, United States","Cyclone, Revere Beach, Revere, Massachusetts, United States","Drop-The-Dips, Coney Island","Centrifugal Railway, Frascati Garden, Paris","Gravity Pleasure, Coney Island, Brooklyn, New York"
What is the first modern roller coaster to have a vertical loop?,"Revolution, Six Flags Magic Mountain, Valencia, California","Shockwave, Six Flags Great America, Gurnee, Illinois, United  states","Dragon Khan, Port Aventura, Salou, Spain","Revolution, Six Flags Magic Mountain, Valencia, California","Corkscrew, Knotts Berry Farm, Buena Park, California"
Who is the mascot for Indiana Beach?,IB Crow,IB Crow,Beach Bird,Indiana Jones,Hoosier Hawk
Which roller coaster was Indiana Beachs first?,Galaxy,Cornball Express,Tigrr,Galaxy,Steel Hawg
Which of the following is not a lodging option at Indiana Beach?,Time-shares,Cottages,Time-shares,Camping,Motel
What year did Indiana Beach open?,1926,1996,1929,1955,1926
What is the Shafer Queen?,River boat,Fine dining restaurant,Mini golf course,Antique auto,River boat
What is the Indiana Beach slogan?,Theres more than corn in Indiana.,A beach in the middle of nowhere,A beach in the middle of a corn field,Come and walk on the boardwalk!,Theres more than corn in Indiana.
What type of walk-through attraction at Indiana Beach was voted the worlds #1 in 2006?,a haunted house,a house of mirrors,a petting zoo,a haunted house,a funhouse
What is Judge Dredds first name?,Joseph,Guido,"None of these, nobody knows his first name",Joseph,Johnathan
"The giant city, Mega City One, where Judge Dredd is a lawkeeper, is located in which area that we would recognise nowadays?",East coast USA,West coast USA,East coast USA,Australia,The British Isles
What sentence does Judge Dredd frequently utter during his duties?,I am the law!,Thank Grudd its Friday!,"Shop smart, shop S-Mart!",I am the law!,Respect my authority!
"What was the name of Judge Dredds clone-brother, who he turned in to the authorities when he began to break the law?",Rico,Nico,Tubbs,Rico,Tibbs
Which of the following has Judge Dredd not battled against?,Daleks from the TV series Dr Who,Lobo from Omega Men comics,Predators from Predator films,Daleks from the TV series Dr Who,Xenomorphs from the Alien films
"In the film Judge Dredd, who plays the title character?",Sylvester Stallone,Arnold Schwarzenegger,Lou Ferrigno,The Rock,Sylvester Stallone
"In The New Batman Adventures episode Over the Edge, who does Commissioner Gordon hire to help him kill Batman?",Bane,The Joker,Bane,Two-Face,Jack Napier
What issue did the Joker originally appear in?,Detective Comics #168,The Man Who Laughs,Detective Comics #168,Detective Comics #34,Batman#1
"In Homestar Runner, what power does the blue diamond on Strong Bads mask give him?",He can mentally open Cold Ones.,He can hover about three inches off the ground.,He can make a black dot appear on walls.,He can mentally open Cold Ones.,He can change the color of his mask at any time.
"In the Internet cartoon Homestar Runner, Strong Bad works with Homestar and The Cheat at an unnamed tech company, but what is his dream job?",2nd 2nd assistant space whale scrubber,universal make-out helper for hot girls,2nd 2nd assistant space whale scrubber,death-defying juggling trapeze artist,supreme ultralord of the international gazebo
What is the name of the fan club dedicated to Homestar Runner character Strong Bad?,The Deleteheads,The Deleteheads,The Trogdorians,The Geddup Noise,The Lucho Libres
"In the e-mail secret recipes, Strong Bad claims he has a secret family recipe for cooking which of the following?",Chekt,Cheek,Chekt,Chort,Chemp
"In the e-mail animal, Homestar Runner character Strong Bad is asked to make-up an animal. What is NOT one of the animals that he creates?",La Mongo,Sterrance,Da Huuuuuudge,Deep Sea Fangly Fish,La Mongo
Which movie is this Warcraft 3 quote from?,Cool Hand Luke,Cool Hand Luke,For a Fistful of Dollars,Metal Man,Dirty Sanchez
"In the cartoon series Calvin and Hobbes, what is Hobbes?",A stuffed tiger,A stuffed leopard,A boy,A stuffed tiger,A beagle
What is Calvins favorite subject according to the popular comics Calvin and Hobbes?,Dinosaurs,Mammals,Plants,Space,Dinosaurs
Which of these has not been used as a ring name by Hulk Hogan?,The Bronze Bomb,Mr. America,Sterling Golden,The Super Destroyer,The Bronze Bomb
Who bought the rights to the name Hulk Hogan in 2005?,Hulk Hogan,Marvel Comics,Hulk Hogan,Vince McMahon,Hiro Matsuda
In what year was Hulk Hogan inducted into the WWE Hall of Fame?,2005,2003,2000,2005,1999
"What is the name of Hulk Hogans wife, whom he married in 1983?",Linda,Jessica,Ruth,Brooke,Linda
In what year did Hulk Hogan make his debut in the World Wrestling Federation?,1979,1980,1983,1977,1979
Which of these actors has Hulk Hogan not co-starred with?,John Ritter,Christopher Lloyd,John Ritter,Sherman Hemsley,Ed Begley Jr.
In which of the Rocky movies did Hulk Hogan have a part?,Rocky III,Rocky,Rocky III,Rocky IV,Rocky II
Which video game is the following quote from?,Escape from Monkey Island,Grim Fandango,Escape from Monkey Island,Monkey Island 2: LeChucks Revenge,Simon the Sorcerer 3D
Which video game are the following quotes from?,Call of Duty,Medal of Honor,Hidden and Dangerous 2,Battlefield 1942,Call of Duty
Choose the missing words in the following lyrics to get the name of a song from Guitar Hero 3:,Mississippi queen,Dance queen,Pretty woman,Mississippi queen,Gorgeous lady
"Emmett Kelly, who initially was a trapeze artist, started working as a clown in what year?",1931,1931,1921,1935,1928
"What was the name of Emmett Kellys son, who also played a character named Weary Willie?",Emmett Kelly Jr.,William Kelly,Red Skelton,Emmett Kelly Jr.,Red Kelly
Emmett Kelly took a year off from the stage and circus to serve as mascot for which baseball team?,Brooklyn Dodgers,Los Angeles Dodgers,Brooklyn Dodgers,Kansas City Royals,New York Mets
"Name Emmett Kellys birth state, which is also the location of the Emmett Kelly Museum.",Kansas,Iowa,Kansas,Nevada,Nebraska
How many contestants are there in the Miss America competition each year?,52,50,52,40,51
How many years does the winner of the Miss America Pageant hold the Miss America title?,1,2,4,1,She is Miss America for the rest of her life.
Where did the first Miss America pageant take place?,"Atlantic City, New Jersey","Las Vegas, Nevada","Miami, Florida","St. Louis, Missouri","Atlantic City, New Jersey"
The Miss America Pageant is the number one provider of which of the following?,Scholarships for women in the United States,Medical insurance for women in the United States,Battered women shelters,Job opportunities for women in the United States,Scholarships for women in the United States
During the talent portion of the Miss America competition the contestants perform on stage. What are the two most common talents that are exhibited?,Singing and dancing,Cheer leading and speech,Piano and tap dancing,Acting and juggling,Singing and dancing
"In 1996, a phone-in poll was held to ask the public if they should continue with the swimsuit portion of the Miss America Pageant. What percentage of voters wanted the swimsuit portion to continue?",87%,75%,99%,87%,14%
Who was the very first woman to win the Miss America competition?,Margaret Gorman,Phyllis McDonald,Anne Washington,Margaret Gorman,Lee Meriwether
What year was the Miss America competition televised for the very first time?,1955,1980,1952,1926,1955
Who became the first African American woman to win the title of Miss America?,Vanessa Williams,Halle Berry,Naomi Campbelle,Tyra Banks,Vanessa Williams
How many times can a woman compete in the Miss America pageant?,1,It is not specified.,3,2,1
"What hero do these words belong to: I fear no death, I fear no enemy, our",Fenix,Tessadar,Artanis,Fenix,Zeratul
"Who created Popeye, Olive Oyl and Bluto?",Elzie C. Segar,Elzie C. Segar,Edgar C.  Segar,Max Flescher,Chester Gould
Who was the woman who was the basis for the character Olive Oyl?,Dora Paskel,Dora Paskel,Mae Questel,Carol Lynnley,Barbara London
Who provided the voice for Olive Oyl in the cartoons?,Mae Questel,Carol Lynnley,Dora Paskal,Shelley Duvall,Mae Questel
Which of the following movies premiered in 1948?,Olive Oyl for President,Olive Oyl for President,Popyes Romance,Olive and Popeye,The Lovely Olive Oyl
"In the  1980 movie Popeye, which pair portrayed Popeye and Olive?",Robin Williams and  Shelley Duvall,Robin Williams and  Shelley Duvall,Robin Williams and Carol Lynnely,Robin Williams and  Lily Tomlin,Ray Walston and  Lily Tomlin
Who was Sweet Pea?,It is never revealed.,Popeyes ward,Olive Oyls adopted son,It is never revealed.,Olive Oyls own baby
Who was Olive Oyls niece?,Diesel Oyl,Vega Oyl,Kamon Oyl,Sutra Oyl,Diesel Oyl
What rock group is featured in the Rock n Roller Coaster?,Aerosmith,Metallica,Aerosmith,Guns n Roses,Motley Crew
Who created Captain America?,Joe Simon  Jack Kirby,Joe Simon  Jack Schuster,Stan Lee  Jack Kirby,Joe Simon  Jack Kirby,Jack Kirby  Bob Kane
Captain America made his first appearance in what comic book?,Captain America Comics #1,War Comics #1,Tales of Suspense #58,Captain America Comics #1,"Whiz Comics #2,"
Who was Captain Americas sidekick during World War II?,Bucky,Miss America,Union Jack,Bucky,"Flag Boy,"
What is Captain Americas secret identity?,Steve Rogers,Nick Fury,Peter Parker,Steve Rogers,Tony Stark
"For a brief period during the 1970s, disillusioned by U.S. politics, Captain America changed his name to ...",Nomad,Wanderer,Exile,Nomad,Outsider
What team of superheroes discovered Captain Americas body frozen in a block of ice in 1964?,Avengers,Fantastic Four,Defenders,Avengers,All-Star Squadron
What villain did Captain America and Bucky fight in the very first issue of Captain America Comics?,Red Skull,Viper,Red Skull,Baron Zemo,Just Nazi soldiers
What was the original shape of Captain Americas shield?,Badge-shaped,Star-shaped,Circular,Badge-shaped,Square
Who played the title role in the 1979 TV movie Captain America?,Reb Brown,Reb Brown,Dick Purcell,Matt Salinger,Scott Paulin
"When Captain Americas original sidekick was wounded in combat, who replaced him?",Golden Girl,The Human Torch,Spitfire,Miss America,Golden Girl
